,col,row
0,0.0,64.0
1,0.0,65.0
2,1.0,64.0
3,1.0,65.0
4,2.0,64.0
5,2.0,65.0
6,3.0,64.0
7,3.0,65.0
8,4.0,52.0
9,4.0,53.0
10,4.0,54.0
11,4.0,55.0
12,4.0,56.0
13,4.0,57.0
14,4.0,58.0
15,4.0,59.0
16,4.0,60.0
17,4.0,61.0
18,4.0,62.0
19,4.0,63.0
20,4.0,64.0
21,4.0,65.0
22,4.0,66.0
23,4.0,67.0
24,5.0,52.0
25,5.0,53.0
26,5.0,54.0
27,5.0,55.0
28,5.0,56.0
29,5.0,57.0
30,5.0,58.0
31,5.0,59.0
32,5.0,60.0
33,5.0,61.0
34,5.0,62.0
35,5.0,63.0
36,5.0,64.0
37,5.0,65.0
38,5.0,66.0
39,5.0,67.0
40,6.0,52.0
41,6.0,53.0
42,6.0,54.0
43,6.0,55.0
44,6.0,56.0
45,6.0,57.0
46,6.0,58.0
47,6.0,59.0
48,6.0,60.0
49,6.0,61.0
50,6.0,62.0
51,6.0,63.0
52,6.0,64.0
53,6.0,65.0
54,6.0,66.0
55,6.0,67.0
56,6.0,68.0
57,6.0,69.0
58,7.0,52.0
59,7.0,53.0
60,7.0,54.0
61,7.0,55.0
62,7.0,56.0
63,7.0,57.0
64,7.0,58.0
65,7.0,59.0
66,7.0,60.0
67,7.0,61.0
68,7.0,62.0
69,7.0,63.0
70,7.0,64.0
71,7.0,65.0
72,7.0,66.0
73,7.0,67.0
74,7.0,68.0
75,7.0,69.0
76,8.0,40.0
77,8.0,41.0
78,8.0,42.0
79,8.0,51.0
80,8.0,52.0
81,8.0,53.0
82,8.0,54.0
83,8.0,55.0
84,8.0,56.0
85,8.0,57.0
86,8.0,58.0
87,8.0,59.0
88,8.0,60.0
89,8.0,61.0
90,8.0,62.0
91,8.0,63.0
92,8.0,64.0
93,8.0,65.0
94,8.0,66.0
95,8.0,67.0
96,8.0,68.0
97,8.0,69.0
98,8.0,70.0
99,8.0,71.0
100,9.0,40.0
101,9.0,41.0
102,9.0,42.0
103,9.0,43.0
104,9.0,44.0
105,9.0,45.0
106,9.0,46.0
107,9.0,47.0
108,9.0,48.0
109,9.0,49.0
110,9.0,50.0
111,9.0,51.0
112,9.0,52.0
113,9.0,53.0
114,9.0,54.0
115,9.0,55.0
116,9.0,56.0
117,9.0,57.0
118,9.0,58.0
119,9.0,59.0
120,9.0,60.0
121,9.0,61.0
122,9.0,62.0
123,9.0,63.0
124,9.0,64.0
125,9.0,65.0
126,9.0,66.0
127,9.0,67.0
128,9.0,68.0
129,9.0,69.0
130,9.0,70.0
131,9.0,71.0
132,10.0,24.0
133,10.0,25.0
134,10.0,26.0
135,10.0,27.0
136,10.0,28.0
137,10.0,29.0
138,10.0,30.0
139,10.0,31.0
140,10.0,32.0
141,10.0,33.0
142,10.0,34.0
143,10.0,35.0
144,10.0,36.0
145,10.0,37.0
146,10.0,38.0
147,10.0,39.0
148,10.0,40.0
149,10.0,41.0
150,10.0,42.0
151,10.0,43.0
152,10.0,44.0
153,10.0,45.0
154,10.0,46.0
155,10.0,47.0
156,10.0,48.0
157,10.0,49.0
158,10.0,50.0
159,10.0,51.0
160,10.0,52.0
161,10.0,53.0
162,10.0,54.0
163,10.0,55.0
164,10.0,56.0
165,10.0,57.0
166,10.0,58.0
167,10.0,59.0
168,10.0,60.0
169,10.0,61.0
170,10.0,62.0
171,10.0,63.0
172,10.0,64.0
173,10.0,65.0
174,10.0,66.0
175,10.0,67.0
176,10.0,68.0
177,10.0,69.0
178,10.0,70.0
179,10.0,71.0
180,10.0,72.0
181,10.0,73.0
182,11.0,24.0
183,11.0,25.0
184,11.0,26.0
185,11.0,27.0
186,11.0,28.0
187,11.0,29.0
188,11.0,30.0
189,11.0,31.0
190,11.0,32.0
191,11.0,33.0
192,11.0,34.0
193,11.0,35.0
194,11.0,36.0
195,11.0,37.0
196,11.0,38.0
197,11.0,39.0
198,11.0,40.0
199,11.0,41.0
200,11.0,42.0
201,11.0,43.0
202,11.0,44.0
203,11.0,45.0
204,11.0,46.0
205,11.0,47.0
206,11.0,48.0
207,11.0,49.0
208,11.0,50.0
209,11.0,51.0
210,11.0,52.0
211,11.0,53.0
212,11.0,54.0
213,11.0,55.0
214,11.0,56.0
215,11.0,57.0
216,11.0,58.0
217,11.0,59.0
218,11.0,60.0
219,11.0,61.0
220,11.0,62.0
221,11.0,63.0
222,11.0,64.0
223,11.0,65.0
224,11.0,66.0
225,11.0,67.0
226,11.0,68.0
227,11.0,69.0
228,11.0,70.0
229,11.0,71.0
230,11.0,72.0
231,11.0,73.0
232,12.0,24.0
233,12.0,25.0
234,12.0,26.0
235,12.0,27.0
236,12.0,28.0
237,12.0,29.0
238,12.0,30.0
239,12.0,31.0
240,12.0,32.0
241,12.0,33.0
242,12.0,34.0
243,12.0,35.0
244,12.0,36.0
245,12.0,37.0
246,12.0,38.0
247,12.0,39.0
248,12.0,40.0
249,12.0,41.0
250,12.0,42.0
251,12.0,43.0
252,12.0,44.0
253,12.0,45.0
254,12.0,46.0
255,12.0,47.0
256,12.0,48.0
257,12.0,49.0
258,12.0,50.0
259,12.0,51.0
260,12.0,52.0
261,12.0,53.0
262,12.0,54.0
263,12.0,55.0
264,12.0,56.0
265,12.0,57.0
266,12.0,58.0
267,12.0,59.0
268,12.0,60.0
269,12.0,61.0
270,12.0,62.0
271,12.0,63.0
272,12.0,64.0
273,12.0,65.0
274,12.0,66.0
275,12.0,67.0
276,12.0,68.0
277,12.0,69.0
278,12.0,70.0
279,12.0,71.0
280,12.0,72.0
281,12.0,73.0
282,12.0,74.0
283,12.0,75.0
284,12.0,76.0
285,12.0,77.0
286,13.0,24.0
287,13.0,25.0
288,13.0,26.0
289,13.0,27.0
290,13.0,28.0
291,13.0,29.0
292,13.0,30.0
293,13.0,31.0
294,13.0,32.0
295,13.0,33.0
296,13.0,34.0
297,13.0,35.0
298,13.0,36.0
299,13.0,37.0
300,13.0,38.0
301,13.0,39.0
302,13.0,40.0
303,13.0,41.0
304,13.0,42.0
305,13.0,43.0
306,13.0,44.0
307,13.0,45.0
308,13.0,46.0
309,13.0,47.0
310,13.0,48.0
311,13.0,49.0
312,13.0,50.0
313,13.0,51.0
314,13.0,52.0
315,13.0,53.0
316,13.0,54.0
317,13.0,55.0
318,13.0,56.0
319,13.0,57.0
320,13.0,58.0
321,13.0,59.0
322,13.0,60.0
323,13.0,61.0
324,13.0,62.0
325,13.0,63.0
326,13.0,64.0
327,13.0,65.0
328,13.0,66.0
329,13.0,67.0
330,13.0,68.0
331,13.0,69.0
332,13.0,70.0
333,13.0,71.0
334,13.0,72.0
335,13.0,73.0
336,13.0,74.0
337,13.0,75.0
338,13.0,76.0
339,13.0,77.0
340,14.0,12.0
341,14.0,13.0
342,14.0,14.0
343,14.0,15.0
344,14.0,16.0
345,14.0,17.0
346,14.0,18.0
347,14.0,19.0
348,14.0,20.0
349,14.0,21.0
350,14.0,22.0
351,14.0,23.0
352,14.0,24.0
353,14.0,25.0
354,14.0,26.0
355,14.0,27.0
356,14.0,28.0
357,14.0,29.0
358,14.0,30.0
359,14.0,31.0
360,14.0,32.0
361,14.0,33.0
362,14.0,34.0
363,14.0,35.0
364,14.0,36.0
365,14.0,37.0
366,14.0,38.0
367,14.0,39.0
368,14.0,40.0
369,14.0,41.0
370,14.0,42.0
371,14.0,43.0
372,14.0,44.0
373,14.0,45.0
374,14.0,46.0
375,14.0,47.0
376,14.0,48.0
377,14.0,49.0
378,14.0,50.0
379,14.0,51.0
380,14.0,52.0
381,14.0,53.0
382,14.0,54.0
383,14.0,55.0
384,14.0,56.0
385,14.0,57.0
386,14.0,58.0
387,14.0,59.0
388,14.0,60.0
389,14.0,61.0
390,14.0,62.0
391,14.0,63.0
392,14.0,64.0
393,14.0,65.0
394,14.0,66.0
395,14.0,67.0
396,14.0,68.0
397,14.0,69.0
398,14.0,70.0
399,14.0,71.0
400,14.0,72.0
401,14.0,73.0
402,15.0,12.0
403,15.0,13.0
404,15.0,14.0
405,15.0,15.0
406,15.0,16.0
407,15.0,17.0
408,15.0,18.0
409,15.0,19.0
410,15.0,20.0
411,15.0,21.0
412,15.0,22.0
413,15.0,23.0
414,15.0,24.0
415,15.0,25.0
416,15.0,26.0
417,15.0,27.0
418,15.0,28.0
419,15.0,29.0
420,15.0,30.0
421,15.0,31.0
422,15.0,32.0
423,15.0,33.0
424,15.0,34.0
425,15.0,35.0
426,15.0,36.0
427,15.0,37.0
428,15.0,38.0
429,15.0,39.0
430,15.0,40.0
431,15.0,41.0
432,15.0,42.0
433,15.0,43.0
434,15.0,44.0
435,15.0,45.0
436,15.0,46.0
437,15.0,47.0
438,15.0,48.0
439,15.0,49.0
440,15.0,50.0
441,15.0,51.0
442,15.0,52.0
443,15.0,53.0
444,15.0,54.0
445,15.0,55.0
446,15.0,56.0
447,15.0,57.0
448,15.0,58.0
449,15.0,59.0
450,15.0,60.0
451,15.0,61.0
452,15.0,62.0
453,15.0,63.0
454,15.0,64.0
455,15.0,65.0
456,15.0,66.0
457,15.0,67.0
458,15.0,68.0
459,15.0,69.0
460,15.0,70.0
461,15.0,71.0
462,15.0,72.0
463,15.0,73.0
464,16.0,12.0
465,16.0,13.0
466,16.0,14.0
467,16.0,15.0
468,16.0,16.0
469,16.0,17.0
470,16.0,18.0
471,16.0,19.0
472,16.0,20.0
473,16.0,21.0
474,16.0,22.0
475,16.0,23.0
476,16.0,24.0
477,16.0,25.0
478,16.0,26.0
479,16.0,27.0
480,16.0,28.0
481,16.0,29.0
482,16.0,30.0
483,16.0,31.0
484,16.0,32.0
485,16.0,33.0
486,16.0,34.0
487,16.0,35.0
488,16.0,36.0
489,16.0,37.0
490,16.0,38.0
491,16.0,39.0
492,16.0,40.0
493,16.0,41.0
494,16.0,42.0
495,16.0,43.0
496,16.0,44.0
497,16.0,45.0
498,16.0,46.0
499,16.0,47.0
500,16.0,48.0
501,16.0,49.0
502,16.0,50.0
503,16.0,51.0
504,16.0,52.0
505,16.0,53.0
506,16.0,54.0
507,16.0,55.0
508,16.0,56.0
509,16.0,57.0
510,16.0,58.0
511,16.0,59.0
512,16.0,60.0
513,16.0,61.0
514,16.0,62.0
515,16.0,63.0
516,16.0,64.0
517,16.0,65.0
518,16.0,66.0
519,16.0,67.0
520,16.0,68.0
521,16.0,69.0
522,16.0,70.0
523,16.0,71.0
524,16.0,72.0
525,16.0,73.0
526,17.0,12.0
527,17.0,13.0
528,17.0,14.0
529,17.0,15.0
530,17.0,16.0
531,17.0,17.0
532,17.0,18.0
533,17.0,19.0
534,17.0,20.0
535,17.0,21.0
536,17.0,22.0
537,17.0,23.0
538,17.0,24.0
539,17.0,25.0
540,17.0,26.0
541,17.0,27.0
542,17.0,28.0
543,17.0,29.0
544,17.0,30.0
545,17.0,31.0
546,17.0,32.0
547,17.0,33.0
548,17.0,34.0
549,17.0,35.0
550,17.0,36.0
551,17.0,37.0
552,17.0,38.0
553,17.0,39.0
554,17.0,40.0
555,17.0,41.0
556,17.0,42.0
557,17.0,43.0
558,17.0,44.0
559,17.0,45.0
560,17.0,46.0
561,17.0,47.0
562,17.0,48.0
563,17.0,49.0
564,17.0,50.0
565,17.0,51.0
566,17.0,52.0
567,17.0,53.0
568,17.0,54.0
569,17.0,55.0
570,17.0,56.0
571,17.0,57.0
572,17.0,58.0
573,17.0,59.0
574,17.0,60.0
575,17.0,61.0
576,17.0,62.0
577,17.0,63.0
578,17.0,64.0
579,17.0,65.0
580,17.0,66.0
581,17.0,67.0
582,17.0,68.0
583,17.0,69.0
584,17.0,70.0
585,17.0,71.0
586,17.0,72.0
587,17.0,73.0
588,18.0,12.0
589,18.0,13.0
590,18.0,14.0
591,18.0,15.0
592,18.0,16.0
593,18.0,17.0
594,18.0,18.0
595,18.0,19.0
596,18.0,20.0
597,18.0,21.0
598,18.0,22.0
599,18.0,23.0
600,18.0,24.0
601,18.0,25.0
602,18.0,26.0
603,18.0,27.0
604,18.0,28.0
605,18.0,29.0
606,18.0,30.0
607,18.0,31.0
608,18.0,32.0
609,18.0,33.0
610,18.0,34.0
611,18.0,35.0
612,18.0,36.0
613,18.0,37.0
614,18.0,38.0
615,18.0,39.0
616,18.0,40.0
617,18.0,41.0
618,18.0,42.0
619,18.0,43.0
620,18.0,44.0
621,18.0,45.0
622,18.0,46.0
623,18.0,47.0
624,18.0,48.0
625,18.0,49.0
626,18.0,50.0
627,18.0,51.0
628,18.0,52.0
629,18.0,53.0
630,18.0,54.0
631,18.0,55.0
632,18.0,56.0
633,18.0,57.0
634,18.0,58.0
635,18.0,59.0
636,18.0,60.0
637,18.0,61.0
638,18.0,62.0
639,18.0,63.0
640,18.0,64.0
641,18.0,65.0
642,18.0,66.0
643,18.0,67.0
644,18.0,68.0
645,18.0,69.0
646,18.0,70.0
647,18.0,71.0
648,19.0,12.0
649,19.0,13.0
650,19.0,14.0
651,19.0,15.0
652,19.0,16.0
653,19.0,17.0
654,19.0,18.0
655,19.0,19.0
656,19.0,20.0
657,19.0,21.0
658,19.0,22.0
659,19.0,23.0
660,19.0,24.0
661,19.0,25.0
662,19.0,26.0
663,19.0,27.0
664,19.0,28.0
665,19.0,29.0
666,19.0,30.0
667,19.0,31.0
668,19.0,32.0
669,19.0,33.0
670,19.0,34.0
671,19.0,35.0
672,19.0,36.0
673,19.0,37.0
674,19.0,38.0
675,19.0,39.0
676,19.0,40.0
677,19.0,41.0
678,19.0,42.0
679,19.0,43.0
680,19.0,44.0
681,19.0,45.0
682,19.0,46.0
683,19.0,47.0
684,19.0,48.0
685,19.0,49.0
686,19.0,50.0
687,19.0,51.0
688,19.0,52.0
689,19.0,53.0
690,19.0,54.0
691,19.0,55.0
692,19.0,56.0
693,19.0,57.0
694,19.0,58.0
695,19.0,59.0
696,19.0,60.0
697,19.0,61.0
698,19.0,62.0
699,19.0,63.0
700,19.0,64.0
701,19.0,65.0
702,19.0,66.0
703,19.0,67.0
704,19.0,68.0
705,19.0,69.0
706,19.0,70.0
707,19.0,71.0
708,20.0,12.0
709,20.0,13.0
710,20.0,14.0
711,20.0,15.0
712,20.0,16.0
713,20.0,17.0
714,20.0,18.0
715,20.0,19.0
716,20.0,20.0
717,20.0,21.0
718,20.0,22.0
719,20.0,23.0
720,20.0,24.0
721,20.0,25.0
722,20.0,26.0
723,20.0,27.0
724,20.0,28.0
725,20.0,29.0
726,20.0,30.0
727,20.0,31.0
728,20.0,32.0
729,20.0,33.0
730,20.0,34.0
731,20.0,35.0
732,20.0,36.0
733,20.0,37.0
734,20.0,38.0
735,20.0,39.0
736,20.0,40.0
737,20.0,41.0
738,20.0,42.0
739,20.0,43.0
740,20.0,44.0
741,20.0,45.0
742,20.0,46.0
743,20.0,47.0
744,20.0,48.0
745,20.0,49.0
746,20.0,50.0
747,20.0,51.0
748,20.0,52.0
749,20.0,53.0
750,20.0,54.0
751,20.0,55.0
752,20.0,56.0
753,20.0,57.0
754,20.0,58.0
755,20.0,59.0
756,20.0,60.0
757,20.0,61.0
758,20.0,62.0
759,20.0,63.0
760,20.0,64.0
761,20.0,65.0
762,20.0,66.0
763,20.0,67.0
764,20.0,68.0
765,20.0,69.0
766,20.0,70.0
767,20.0,71.0
768,21.0,12.0
769,21.0,13.0
770,21.0,14.0
771,21.0,15.0
772,21.0,16.0
773,21.0,17.0
774,21.0,18.0
775,21.0,19.0
776,21.0,20.0
777,21.0,21.0
778,21.0,22.0
779,21.0,23.0
780,21.0,24.0
781,21.0,25.0
782,21.0,26.0
783,21.0,27.0
784,21.0,28.0
785,21.0,29.0
786,21.0,30.0
787,21.0,31.0
788,21.0,32.0
789,21.0,33.0
790,21.0,34.0
791,21.0,35.0
792,21.0,36.0
793,21.0,37.0
794,21.0,38.0
795,21.0,39.0
796,21.0,40.0
797,21.0,41.0
798,21.0,42.0
799,21.0,43.0
800,21.0,44.0
801,21.0,45.0
802,21.0,46.0
803,21.0,47.0
804,21.0,48.0
805,21.0,49.0
806,21.0,50.0
807,21.0,51.0
808,21.0,52.0
809,21.0,53.0
810,21.0,54.0
811,21.0,55.0
812,21.0,56.0
813,21.0,57.0
814,21.0,58.0
815,21.0,59.0
816,21.0,60.0
817,21.0,61.0
818,21.0,62.0
819,21.0,63.0
820,21.0,64.0
821,21.0,65.0
822,21.0,66.0
823,21.0,67.0
824,21.0,68.0
825,21.0,69.0
826,21.0,70.0
827,21.0,71.0
828,22.0,12.0
829,22.0,13.0
830,22.0,14.0
831,22.0,15.0
832,22.0,16.0
833,22.0,17.0
834,22.0,18.0
835,22.0,19.0
836,22.0,20.0
837,22.0,21.0
838,22.0,22.0
839,22.0,23.0
840,22.0,24.0
841,22.0,25.0
842,22.0,26.0
843,22.0,27.0
844,22.0,28.0
845,22.0,29.0
846,22.0,30.0
847,22.0,31.0
848,22.0,32.0
849,22.0,33.0
850,22.0,34.0
851,22.0,35.0
852,22.0,36.0
853,22.0,37.0
854,22.0,38.0
855,22.0,39.0
856,22.0,40.0
857,22.0,41.0
858,22.0,42.0
859,22.0,43.0
860,22.0,44.0
861,22.0,45.0
862,22.0,46.0
863,22.0,47.0
864,22.0,48.0
865,22.0,49.0
866,22.0,50.0
867,22.0,51.0
868,22.0,52.0
869,22.0,53.0
870,22.0,54.0
871,22.0,55.0
872,22.0,56.0
873,22.0,57.0
874,22.0,58.0
875,22.0,59.0
876,22.0,60.0
877,22.0,61.0
878,22.0,62.0
879,22.0,63.0
880,22.0,64.0
881,22.0,65.0
882,22.0,66.0
883,22.0,67.0
884,22.0,68.0
885,22.0,69.0
886,22.0,70.0
887,22.0,71.0
888,23.0,12.0
889,23.0,13.0
890,23.0,14.0
891,23.0,15.0
892,23.0,16.0
893,23.0,17.0
894,23.0,18.0
895,23.0,19.0
896,23.0,20.0
897,23.0,21.0
898,23.0,22.0
899,23.0,23.0
900,23.0,24.0
901,23.0,25.0
902,23.0,26.0
903,23.0,27.0
904,23.0,28.0
905,23.0,29.0
906,23.0,30.0
907,23.0,31.0
908,23.0,32.0
909,23.0,33.0
910,23.0,34.0
911,23.0,35.0
912,23.0,36.0
913,23.0,37.0
914,23.0,38.0
915,23.0,39.0
916,23.0,40.0
917,23.0,41.0
918,23.0,42.0
919,23.0,43.0
920,23.0,44.0
921,23.0,45.0
922,23.0,46.0
923,23.0,47.0
924,23.0,48.0
925,23.0,49.0
926,23.0,50.0
927,23.0,51.0
928,23.0,52.0
929,23.0,53.0
930,23.0,54.0
931,23.0,55.0
932,23.0,56.0
933,23.0,57.0
934,23.0,58.0
935,23.0,59.0
936,23.0,60.0
937,23.0,61.0
938,23.0,62.0
939,23.0,63.0
940,23.0,64.0
941,23.0,65.0
942,23.0,66.0
943,23.0,67.0
944,23.0,68.0
945,24.0,12.0
946,24.0,13.0
947,24.0,14.0
948,24.0,15.0
949,24.0,16.0
950,24.0,17.0
951,24.0,18.0
952,24.0,19.0
953,24.0,20.0
954,24.0,21.0
955,24.0,22.0
956,24.0,23.0
957,24.0,24.0
958,24.0,25.0
959,24.0,26.0
960,24.0,27.0
961,24.0,28.0
962,24.0,29.0
963,24.0,30.0
964,24.0,31.0
965,24.0,32.0
966,24.0,33.0
967,24.0,34.0
968,24.0,35.0
969,24.0,36.0
970,24.0,37.0
971,24.0,38.0
972,24.0,39.0
973,24.0,40.0
974,24.0,41.0
975,24.0,42.0
976,24.0,43.0
977,24.0,44.0
978,24.0,45.0
979,24.0,46.0
980,24.0,47.0
981,24.0,48.0
982,24.0,49.0
983,24.0,50.0
984,24.0,51.0
985,24.0,52.0
986,24.0,53.0
987,24.0,54.0
988,24.0,55.0
989,24.0,56.0
990,24.0,57.0
991,24.0,58.0
992,24.0,59.0
993,24.0,60.0
994,24.0,61.0
995,24.0,62.0
996,24.0,63.0
997,24.0,64.0
998,24.0,65.0
999,24.0,66.0
1000,24.0,67.0
1001,25.0,12.0
1002,25.0,13.0
1003,25.0,14.0
1004,25.0,15.0
1005,25.0,16.0
1006,25.0,17.0
1007,25.0,18.0
1008,25.0,19.0
1009,25.0,20.0
1010,25.0,21.0
1011,25.0,22.0
1012,25.0,23.0
1013,25.0,24.0
1014,25.0,25.0
1015,25.0,26.0
1016,25.0,27.0
1017,25.0,28.0
1018,25.0,29.0
1019,25.0,30.0
1020,25.0,31.0
1021,25.0,32.0
1022,25.0,33.0
1023,25.0,34.0
1024,25.0,35.0
1025,25.0,36.0
1026,25.0,37.0
1027,25.0,38.0
1028,25.0,39.0
1029,25.0,40.0
1030,25.0,41.0
1031,25.0,42.0
1032,25.0,43.0
1033,25.0,44.0
1034,25.0,45.0
1035,25.0,46.0
1036,25.0,47.0
1037,25.0,48.0
1038,25.0,49.0
1039,25.0,50.0
1040,25.0,51.0
1041,25.0,52.0
1042,25.0,53.0
1043,25.0,54.0
1044,25.0,55.0
1045,25.0,56.0
1046,25.0,57.0
1047,25.0,58.0
1048,25.0,59.0
1049,25.0,60.0
1050,25.0,61.0
1051,25.0,62.0
1052,25.0,63.0
1053,25.0,64.0
1054,25.0,65.0
1055,25.0,66.0
1056,25.0,67.0
1057,26.0,12.0
1058,26.0,13.0
1059,26.0,14.0
1060,26.0,15.0
1061,26.0,16.0
1062,26.0,17.0
1063,26.0,18.0
1064,26.0,19.0
1065,26.0,20.0
1066,26.0,21.0
1067,26.0,22.0
1068,26.0,23.0
1069,26.0,24.0
1070,26.0,25.0
1071,26.0,26.0
1072,26.0,27.0
1073,26.0,28.0
1074,26.0,29.0
1075,26.0,30.0
1076,26.0,31.0
1077,26.0,32.0
1078,26.0,33.0
1079,26.0,34.0
1080,26.0,35.0
1081,26.0,36.0
1082,26.0,37.0
1083,26.0,38.0
1084,26.0,39.0
1085,26.0,40.0
1086,26.0,41.0
1087,26.0,42.0
1088,26.0,43.0
1089,26.0,44.0
1090,26.0,45.0
1091,26.0,46.0
1092,26.0,47.0
1093,26.0,48.0
1094,26.0,49.0
1095,26.0,50.0
1096,26.0,51.0
1097,26.0,52.0
1098,26.0,53.0
1099,26.0,54.0
1100,26.0,55.0
1101,26.0,56.0
1102,26.0,57.0
1103,26.0,58.0
1104,26.0,59.0
1105,26.0,60.0
1106,26.0,61.0
1107,26.0,62.0
1108,26.0,63.0
1109,27.0,12.0
1110,27.0,13.0
1111,27.0,14.0
1112,27.0,15.0
1113,27.0,16.0
1114,27.0,17.0
1115,27.0,18.0
1116,27.0,19.0
1117,27.0,20.0
1118,27.0,21.0
1119,27.0,22.0
1120,27.0,23.0
1121,27.0,24.0
1122,27.0,25.0
1123,27.0,26.0
1124,27.0,27.0
1125,27.0,28.0
1126,27.0,29.0
1127,27.0,30.0
1128,27.0,31.0
1129,27.0,32.0
1130,27.0,33.0
1131,27.0,34.0
1132,27.0,35.0
1133,27.0,36.0
1134,27.0,37.0
1135,27.0,38.0
1136,27.0,39.0
1137,27.0,40.0
1138,27.0,41.0
1139,27.0,42.0
1140,27.0,43.0
1141,27.0,44.0
1142,27.0,45.0
1143,27.0,46.0
1144,27.0,47.0
1145,27.0,48.0
1146,27.0,49.0
1147,27.0,50.0
1148,27.0,51.0
1149,27.0,52.0
1150,27.0,53.0
1151,27.0,54.0
1152,27.0,55.0
1153,27.0,56.0
1154,27.0,57.0
1155,27.0,58.0
1156,27.0,59.0
1157,27.0,60.0
1158,27.0,61.0
1159,27.0,62.0
1160,28.0,12.0
1161,28.0,13.0
1162,28.0,14.0
1163,28.0,15.0
1164,28.0,16.0
1165,28.0,17.0
1166,28.0,18.0
1167,28.0,19.0
1168,28.0,20.0
1169,28.0,21.0
1170,28.0,22.0
1171,28.0,23.0
1172,28.0,24.0
1173,28.0,25.0
1174,28.0,26.0
1175,28.0,27.0
1176,28.0,28.0
1177,28.0,29.0
1178,28.0,30.0
1179,28.0,31.0
1180,28.0,32.0
1181,28.0,33.0
1182,28.0,34.0
1183,28.0,35.0
1184,28.0,36.0
1185,28.0,37.0
1186,28.0,38.0
1187,28.0,39.0
1188,28.0,40.0
1189,28.0,41.0
1190,28.0,42.0
1191,28.0,43.0
1192,28.0,44.0
1193,28.0,45.0
1194,28.0,46.0
1195,28.0,47.0
1196,28.0,48.0
1197,28.0,49.0
1198,28.0,50.0
1199,28.0,51.0
1200,28.0,52.0
1201,28.0,53.0
1202,28.0,54.0
1203,28.0,55.0
1204,28.0,56.0
1205,28.0,57.0
1206,28.0,58.0
1207,28.0,59.0
1208,28.0,60.0
1209,28.0,61.0
1210,28.0,62.0
1211,29.0,12.0
1212,29.0,13.0
1213,29.0,14.0
1214,29.0,15.0
1215,29.0,16.0
1216,29.0,17.0
1217,29.0,18.0
1218,29.0,19.0
1219,29.0,20.0
1220,29.0,21.0
1221,29.0,22.0
1222,29.0,23.0
1223,29.0,24.0
1224,29.0,25.0
1225,29.0,26.0
1226,29.0,27.0
1227,29.0,28.0
1228,29.0,29.0
1229,29.0,30.0
1230,29.0,31.0
1231,29.0,32.0
1232,29.0,33.0
1233,29.0,34.0
1234,29.0,35.0
1235,29.0,36.0
1236,29.0,37.0
1237,29.0,38.0
1238,29.0,39.0
1239,29.0,40.0
1240,29.0,41.0
1241,29.0,42.0
1242,29.0,43.0
1243,29.0,44.0
1244,29.0,45.0
1245,29.0,46.0
1246,29.0,47.0
1247,29.0,48.0
1248,29.0,49.0
1249,29.0,50.0
1250,29.0,51.0
1251,29.0,52.0
1252,29.0,53.0
1253,29.0,54.0
1254,29.0,55.0
1255,29.0,56.0
1256,29.0,57.0
1257,29.0,58.0
1258,29.0,59.0
1259,29.0,60.0
1260,29.0,61.0
1261,29.0,62.0
1262,30.0,12.0
1263,30.0,13.0
1264,30.0,14.0
1265,30.0,15.0
1266,30.0,16.0
1267,30.0,17.0
1268,30.0,18.0
1269,30.0,19.0
1270,30.0,20.0
1271,30.0,21.0
1272,30.0,22.0
1273,30.0,23.0
1274,30.0,24.0
1275,30.0,25.0
1276,30.0,26.0
1277,30.0,27.0
1278,30.0,28.0
1279,30.0,29.0
1280,30.0,30.0
1281,30.0,31.0
1282,30.0,32.0
1283,30.0,33.0
1284,30.0,34.0
1285,30.0,35.0
1286,30.0,36.0
1287,30.0,37.0
1288,30.0,38.0
1289,30.0,39.0
1290,30.0,40.0
1291,30.0,41.0
1292,30.0,42.0
1293,30.0,43.0
1294,30.0,44.0
1295,30.0,45.0
1296,30.0,46.0
1297,30.0,47.0
1298,30.0,48.0
1299,30.0,49.0
1300,30.0,50.0
1301,30.0,51.0
1302,30.0,52.0
1303,30.0,53.0
1304,30.0,54.0
1305,30.0,55.0
1306,30.0,56.0
1307,30.0,57.0
1308,30.0,58.0
1309,30.0,59.0
1310,30.0,60.0
1311,30.0,61.0
1312,30.0,62.0
1313,31.0,12.0
1314,31.0,13.0
1315,31.0,14.0
1316,31.0,15.0
1317,31.0,16.0
1318,31.0,17.0
1319,31.0,18.0
1320,31.0,19.0
1321,31.0,20.0
1322,31.0,21.0
1323,31.0,22.0
1324,31.0,23.0
1325,31.0,24.0
1326,31.0,25.0
1327,31.0,26.0
1328,31.0,27.0
1329,31.0,28.0
1330,31.0,29.0
1331,31.0,30.0
1332,31.0,31.0
1333,31.0,32.0
1334,31.0,33.0
1335,31.0,34.0
1336,31.0,35.0
1337,31.0,36.0
1338,31.0,37.0
1339,31.0,38.0
1340,31.0,39.0
1341,31.0,40.0
1342,31.0,41.0
1343,31.0,42.0
1344,31.0,43.0
1345,31.0,44.0
1346,31.0,45.0
1347,31.0,46.0
1348,31.0,47.0
1349,31.0,48.0
1350,31.0,49.0
1351,31.0,50.0
1352,31.0,51.0
1353,31.0,52.0
1354,31.0,53.0
1355,31.0,54.0
1356,31.0,55.0
1357,31.0,56.0
1358,31.0,57.0
1359,31.0,58.0
1360,31.0,59.0
1361,31.0,60.0
1362,31.0,61.0
1363,31.0,62.0
1364,32.0,12.0
1365,32.0,13.0
1366,32.0,14.0
1367,32.0,15.0
1368,32.0,16.0
1369,32.0,17.0
1370,32.0,18.0
1371,32.0,19.0
1372,32.0,20.0
1373,32.0,21.0
1374,32.0,22.0
1375,32.0,23.0
1376,32.0,24.0
1377,32.0,25.0
1378,32.0,26.0
1379,32.0,27.0
1380,32.0,28.0
1381,32.0,29.0
1382,32.0,30.0
1383,32.0,31.0
1384,32.0,32.0
1385,32.0,33.0
1386,32.0,34.0
1387,32.0,35.0
1388,32.0,36.0
1389,32.0,37.0
1390,32.0,38.0
1391,32.0,39.0
1392,32.0,40.0
1393,32.0,41.0
1394,32.0,42.0
1395,32.0,43.0
1396,32.0,44.0
1397,32.0,45.0
1398,32.0,46.0
1399,32.0,47.0
1400,32.0,48.0
1401,32.0,49.0
1402,32.0,50.0
1403,32.0,51.0
1404,32.0,52.0
1405,32.0,53.0
1406,32.0,54.0
1407,32.0,55.0
1408,32.0,56.0
1409,32.0,57.0
1410,32.0,58.0
1411,32.0,59.0
1412,33.0,12.0
1413,33.0,13.0
1414,33.0,14.0
1415,33.0,15.0
1416,33.0,16.0
1417,33.0,17.0
1418,33.0,18.0
1419,33.0,19.0
1420,33.0,20.0
1421,33.0,21.0
1422,33.0,22.0
1423,33.0,23.0
1424,33.0,24.0
1425,33.0,25.0
1426,33.0,26.0
1427,33.0,27.0
1428,33.0,28.0
1429,33.0,29.0
1430,33.0,30.0
1431,33.0,31.0
1432,33.0,32.0
1433,33.0,33.0
1434,33.0,34.0
1435,33.0,35.0
1436,33.0,36.0
1437,33.0,37.0
1438,33.0,38.0
1439,33.0,39.0
1440,33.0,40.0
1441,33.0,41.0
1442,33.0,42.0
1443,33.0,43.0
1444,33.0,44.0
1445,33.0,45.0
1446,33.0,46.0
1447,33.0,47.0
1448,33.0,48.0
1449,33.0,49.0
1450,33.0,50.0
1451,33.0,51.0
1452,33.0,52.0
1453,33.0,53.0
1454,33.0,54.0
1455,33.0,55.0
1456,33.0,56.0
1457,33.0,57.0
1458,33.0,58.0
1459,34.0,12.0
1460,34.0,13.0
1461,34.0,14.0
1462,34.0,15.0
1463,34.0,16.0
1464,34.0,17.0
1465,34.0,18.0
1466,34.0,19.0
1467,34.0,20.0
1468,34.0,21.0
1469,34.0,22.0
1470,34.0,23.0
1471,34.0,24.0
1472,34.0,25.0
1473,34.0,26.0
1474,34.0,27.0
1475,34.0,28.0
1476,34.0,29.0
1477,34.0,30.0
1478,34.0,31.0
1479,34.0,32.0
1480,34.0,33.0
1481,34.0,34.0
1482,34.0,35.0
1483,34.0,36.0
1484,34.0,37.0
1485,34.0,38.0
1486,34.0,39.0
1487,34.0,40.0
1488,34.0,41.0
1489,34.0,42.0
1490,34.0,43.0
1491,34.0,44.0
1492,34.0,45.0
1493,34.0,46.0
1494,34.0,47.0
1495,34.0,48.0
1496,34.0,49.0
1497,34.0,50.0
1498,34.0,51.0
1499,34.0,52.0
1500,34.0,53.0
1501,34.0,54.0
1502,34.0,55.0
1503,34.0,56.0
1504,34.0,57.0
1505,35.0,12.0
1506,35.0,13.0
1507,35.0,14.0
1508,35.0,15.0
1509,35.0,16.0
1510,35.0,17.0
1511,35.0,18.0
1512,35.0,19.0
1513,35.0,20.0
1514,35.0,21.0
1515,35.0,22.0
1516,35.0,23.0
1517,35.0,24.0
1518,35.0,25.0
1519,35.0,26.0
1520,35.0,27.0
1521,35.0,28.0
1522,35.0,29.0
1523,35.0,30.0
1524,35.0,31.0
1525,35.0,32.0
1526,35.0,33.0
1527,35.0,34.0
1528,35.0,35.0
1529,35.0,36.0
1530,35.0,37.0
1531,35.0,38.0
1532,35.0,39.0
1533,35.0,40.0
1534,35.0,41.0
1535,35.0,42.0
1536,35.0,43.0
1537,35.0,44.0
1538,35.0,45.0
1539,35.0,46.0
1540,35.0,47.0
1541,35.0,48.0
1542,35.0,49.0
1543,35.0,50.0
1544,35.0,51.0
1545,35.0,52.0
1546,35.0,53.0
1547,35.0,54.0
1548,35.0,55.0
1549,35.0,56.0
1550,36.0,12.0
1551,36.0,13.0
1552,36.0,14.0
1553,36.0,15.0
1554,36.0,16.0
1555,36.0,17.0
1556,36.0,18.0
1557,36.0,19.0
1558,36.0,20.0
1559,36.0,21.0
1560,36.0,22.0
1561,36.0,23.0
1562,36.0,24.0
1563,36.0,25.0
1564,36.0,26.0
1565,36.0,27.0
1566,36.0,28.0
1567,36.0,29.0
1568,36.0,30.0
1569,36.0,31.0
1570,36.0,32.0
1571,36.0,33.0
1572,36.0,34.0
1573,36.0,35.0
1574,36.0,36.0
1575,36.0,37.0
1576,36.0,38.0
1577,36.0,39.0
1578,36.0,40.0
1579,36.0,41.0
1580,36.0,42.0
1581,36.0,43.0
1582,36.0,44.0
1583,36.0,45.0
1584,36.0,46.0
1585,36.0,47.0
1586,36.0,48.0
1587,36.0,49.0
1588,36.0,50.0
1589,36.0,51.0
1590,36.0,52.0
1591,36.0,53.0
1592,36.0,54.0
1593,36.0,55.0
1594,36.0,56.0
1595,37.0,12.0
1596,37.0,13.0
1597,37.0,14.0
1598,37.0,15.0
1599,37.0,16.0
1600,37.0,17.0
1601,37.0,18.0
1602,37.0,19.0
1603,37.0,20.0
1604,37.0,21.0
1605,37.0,22.0
1606,37.0,23.0
1607,37.0,24.0
1608,37.0,25.0
1609,37.0,26.0
1610,37.0,27.0
1611,37.0,28.0
1612,37.0,29.0
1613,37.0,30.0
1614,37.0,31.0
1615,37.0,32.0
1616,37.0,33.0
1617,37.0,34.0
1618,37.0,35.0
1619,37.0,36.0
1620,37.0,37.0
1621,37.0,38.0
1622,37.0,39.0
1623,37.0,40.0
1624,37.0,41.0
1625,37.0,42.0
1626,37.0,43.0
1627,37.0,44.0
1628,37.0,45.0
1629,37.0,46.0
1630,37.0,47.0
1631,37.0,48.0
1632,37.0,49.0
1633,37.0,50.0
1634,37.0,51.0
1635,37.0,52.0
1636,37.0,53.0
1637,37.0,54.0
1638,37.0,55.0
1639,37.0,56.0
1640,38.0,10.0
1641,38.0,11.0
1642,38.0,12.0
1643,38.0,13.0
1644,38.0,14.0
1645,38.0,15.0
1646,38.0,16.0
1647,38.0,17.0
1648,38.0,18.0
1649,38.0,19.0
1650,38.0,20.0
1651,38.0,21.0
1652,38.0,22.0
1653,38.0,23.0
1654,38.0,24.0
1655,38.0,25.0
1656,38.0,26.0
1657,38.0,27.0
1658,38.0,28.0
1659,38.0,29.0
1660,38.0,30.0
1661,38.0,31.0
1662,38.0,32.0
1663,38.0,33.0
1664,38.0,34.0
1665,38.0,35.0
1666,38.0,36.0
1667,38.0,37.0
1668,38.0,38.0
1669,38.0,39.0
1670,38.0,40.0
1671,38.0,41.0
1672,38.0,42.0
1673,38.0,43.0
1674,38.0,44.0
1675,38.0,45.0
1676,38.0,46.0
1677,38.0,47.0
1678,38.0,48.0
1679,38.0,49.0
1680,38.0,50.0
1681,38.0,51.0
1682,38.0,52.0
1683,38.0,53.0
1684,38.0,54.0
1685,38.0,55.0
1686,38.0,56.0
1687,39.0,10.0
1688,39.0,11.0
1689,39.0,12.0
1690,39.0,13.0
1691,39.0,14.0
1692,39.0,15.0
1693,39.0,16.0
1694,39.0,17.0
1695,39.0,18.0
1696,39.0,19.0
1697,39.0,20.0
1698,39.0,21.0
1699,39.0,22.0
1700,39.0,23.0
1701,39.0,24.0
1702,39.0,25.0
1703,39.0,26.0
1704,39.0,27.0
1705,39.0,28.0
1706,39.0,29.0
1707,39.0,30.0
1708,39.0,31.0
1709,39.0,32.0
1710,39.0,33.0
1711,39.0,34.0
1712,39.0,35.0
1713,39.0,36.0
1714,39.0,37.0
1715,39.0,38.0
1716,39.0,39.0
1717,39.0,40.0
1718,39.0,41.0
1719,39.0,42.0
1720,39.0,43.0
1721,39.0,44.0
1722,39.0,45.0
1723,39.0,46.0
1724,39.0,47.0
1725,39.0,48.0
1726,39.0,49.0
1727,39.0,50.0
1728,39.0,51.0
1729,39.0,52.0
1730,39.0,53.0
1731,39.0,54.0
1732,39.0,55.0
1733,39.0,56.0
1734,40.0,10.0
1735,40.0,11.0
1736,40.0,12.0
1737,40.0,13.0
1738,40.0,14.0
1739,40.0,15.0
1740,40.0,16.0
1741,40.0,17.0
1742,40.0,18.0
1743,40.0,19.0
1744,40.0,20.0
1745,40.0,21.0
1746,40.0,22.0
1747,40.0,23.0
1748,40.0,24.0
1749,40.0,25.0
1750,40.0,26.0
1751,40.0,27.0
1752,40.0,28.0
1753,40.0,29.0
1754,40.0,30.0
1755,40.0,31.0
1756,40.0,32.0
1757,40.0,33.0
1758,40.0,34.0
1759,40.0,35.0
1760,40.0,36.0
1761,40.0,37.0
1762,40.0,38.0
1763,40.0,39.0
1764,40.0,40.0
1765,40.0,41.0
1766,40.0,42.0
1767,40.0,43.0
1768,40.0,44.0
1769,40.0,45.0
1770,40.0,46.0
1771,40.0,47.0
1772,40.0,48.0
1773,40.0,49.0
1774,40.0,50.0
1775,40.0,51.0
1776,40.0,52.0
1777,40.0,53.0
1778,40.0,54.0
1779,40.0,55.0
1780,40.0,56.0
1781,41.0,10.0
1782,41.0,11.0
1783,41.0,12.0
1784,41.0,13.0
1785,41.0,14.0
1786,41.0,15.0
1787,41.0,16.0
1788,41.0,17.0
1789,41.0,18.0
1790,41.0,19.0
1791,41.0,20.0
1792,41.0,21.0
1793,41.0,22.0
1794,41.0,23.0
1795,41.0,24.0
1796,41.0,25.0
1797,41.0,26.0
1798,41.0,27.0
1799,41.0,28.0
1800,41.0,29.0
1801,41.0,30.0
1802,41.0,31.0
1803,41.0,32.0
1804,41.0,33.0
1805,41.0,34.0
1806,41.0,35.0
1807,41.0,36.0
1808,41.0,37.0
1809,41.0,38.0
1810,41.0,39.0
1811,41.0,40.0
1812,41.0,41.0
1813,41.0,42.0
1814,41.0,43.0
1815,41.0,44.0
1816,41.0,45.0
1817,41.0,46.0
1818,41.0,47.0
1819,41.0,48.0
1820,41.0,49.0
1821,41.0,50.0
1822,41.0,51.0
1823,41.0,52.0
1824,41.0,53.0
1825,41.0,54.0
1826,41.0,55.0
1827,41.0,56.0
1828,42.0,10.0
1829,42.0,11.0
1830,42.0,12.0
1831,42.0,13.0
1832,42.0,14.0
1833,42.0,15.0
1834,42.0,16.0
1835,42.0,17.0
1836,42.0,18.0
1837,42.0,19.0
1838,42.0,20.0
1839,42.0,21.0
1840,42.0,22.0
1841,42.0,23.0
1842,42.0,24.0
1843,42.0,25.0
1844,42.0,26.0
1845,42.0,27.0
1846,42.0,28.0
1847,42.0,29.0
1848,42.0,30.0
1849,42.0,31.0
1850,42.0,32.0
1851,42.0,33.0
1852,42.0,34.0
1853,42.0,35.0
1854,42.0,36.0
1855,42.0,37.0
1856,42.0,38.0
1857,42.0,39.0
1858,42.0,40.0
1859,42.0,41.0
1860,42.0,42.0
1861,42.0,43.0
1862,42.0,44.0
1863,42.0,45.0
1864,42.0,46.0
1865,42.0,47.0
1866,42.0,48.0
1867,42.0,49.0
1868,42.0,50.0
1869,42.0,51.0
1870,42.0,52.0
1871,42.0,53.0
1872,42.0,54.0
1873,42.0,55.0
1874,42.0,56.0
1875,43.0,10.0
1876,43.0,11.0
1877,43.0,12.0
1878,43.0,13.0
1879,43.0,14.0
1880,43.0,15.0
1881,43.0,16.0
1882,43.0,17.0
1883,43.0,18.0
1884,43.0,19.0
1885,43.0,20.0
1886,43.0,21.0
1887,43.0,22.0
1888,43.0,23.0
1889,43.0,24.0
1890,43.0,25.0
1891,43.0,26.0
1892,43.0,27.0
1893,43.0,28.0
1894,43.0,29.0
1895,43.0,30.0
1896,43.0,31.0
1897,43.0,32.0
1898,43.0,33.0
1899,43.0,34.0
1900,43.0,35.0
1901,43.0,36.0
1902,43.0,37.0
1903,43.0,38.0
1904,43.0,39.0
1905,43.0,40.0
1906,43.0,41.0
1907,43.0,42.0
1908,43.0,43.0
1909,43.0,44.0
1910,43.0,45.0
1911,43.0,46.0
1912,43.0,47.0
1913,43.0,48.0
1914,43.0,49.0
1915,43.0,50.0
1916,43.0,51.0
1917,43.0,52.0
1918,43.0,53.0
1919,43.0,54.0
1920,43.0,55.0
1921,43.0,56.0
1922,44.0,8.0
1923,44.0,9.0
1924,44.0,10.0
1925,44.0,11.0
1926,44.0,12.0
1927,44.0,13.0
1928,44.0,14.0
1929,44.0,15.0
1930,44.0,16.0
1931,44.0,17.0
1932,44.0,18.0
1933,44.0,19.0
1934,44.0,20.0
1935,44.0,21.0
1936,44.0,22.0
1937,44.0,23.0
1938,44.0,24.0
1939,44.0,25.0
1940,44.0,26.0
1941,44.0,27.0
1942,44.0,28.0
1943,44.0,29.0
1944,44.0,30.0
1945,44.0,31.0
1946,44.0,32.0
1947,44.0,33.0
1948,44.0,34.0
1949,44.0,35.0
1950,44.0,36.0
1951,44.0,37.0
1952,44.0,38.0
1953,44.0,39.0
1954,44.0,40.0
1955,44.0,41.0
1956,44.0,42.0
1957,44.0,43.0
1958,44.0,44.0
1959,44.0,45.0
1960,44.0,46.0
1961,44.0,47.0
1962,44.0,48.0
1963,44.0,49.0
1964,44.0,50.0
1965,44.0,51.0
1966,44.0,52.0
1967,44.0,53.0
1968,44.0,54.0
1969,44.0,55.0
1970,44.0,56.0
1971,45.0,8.0
1972,45.0,9.0
1973,45.0,10.0
1974,45.0,11.0
1975,45.0,12.0
1976,45.0,13.0
1977,45.0,14.0
1978,45.0,15.0
1979,45.0,16.0
1980,45.0,17.0
1981,45.0,18.0
1982,45.0,19.0
1983,45.0,20.0
1984,45.0,21.0
1985,45.0,22.0
1986,45.0,23.0
1987,45.0,24.0
1988,45.0,25.0
1989,45.0,26.0
1990,45.0,27.0
1991,45.0,28.0
1992,45.0,29.0
1993,45.0,30.0
1994,45.0,31.0
1995,45.0,32.0
1996,45.0,33.0
1997,45.0,34.0
1998,45.0,35.0
1999,45.0,36.0
2000,45.0,37.0
2001,45.0,38.0
2002,45.0,39.0
2003,45.0,40.0
2004,45.0,41.0
2005,45.0,42.0
2006,45.0,43.0
2007,45.0,44.0
2008,45.0,45.0
2009,45.0,46.0
2010,45.0,47.0
2011,45.0,48.0
2012,45.0,49.0
2013,45.0,50.0
2014,45.0,51.0
2015,45.0,52.0
2016,45.0,53.0
2017,45.0,54.0
2018,45.0,55.0
2019,45.0,56.0
2020,46.0,8.0
2021,46.0,9.0
2022,46.0,10.0
2023,46.0,11.0
2024,46.0,12.0
2025,46.0,13.0
2026,46.0,14.0
2027,46.0,15.0
2028,46.0,16.0
2029,46.0,17.0
2030,46.0,18.0
2031,46.0,19.0
2032,46.0,20.0
2033,46.0,21.0
2034,46.0,22.0
2035,46.0,23.0
2036,46.0,24.0
2037,46.0,25.0
2038,46.0,26.0
2039,46.0,27.0
2040,46.0,28.0
2041,46.0,29.0
2042,46.0,30.0
2043,46.0,31.0
2044,46.0,32.0
2045,46.0,33.0
2046,46.0,34.0
2047,46.0,35.0
2048,46.0,36.0
2049,46.0,37.0
2050,46.0,38.0
2051,46.0,39.0
2052,46.0,40.0
2053,46.0,41.0
2054,46.0,42.0
2055,46.0,43.0
2056,46.0,44.0
2057,46.0,45.0
2058,46.0,46.0
2059,46.0,47.0
2060,46.0,48.0
2061,46.0,49.0
2062,46.0,50.0
2063,46.0,51.0
2064,46.0,52.0
2065,46.0,53.0
2066,47.0,8.0
2067,47.0,9.0
2068,47.0,10.0
2069,47.0,11.0
2070,47.0,12.0
2071,47.0,13.0
2072,47.0,14.0
2073,47.0,15.0
2074,47.0,16.0
2075,47.0,17.0
2076,47.0,18.0
2077,47.0,19.0
2078,47.0,20.0
2079,47.0,21.0
2080,47.0,22.0
2081,47.0,23.0
2082,47.0,24.0
2083,47.0,25.0
2084,47.0,26.0
2085,47.0,27.0
2086,47.0,28.0
2087,47.0,29.0
2088,47.0,30.0
2089,47.0,31.0
2090,47.0,32.0
2091,47.0,33.0
2092,47.0,34.0
2093,47.0,35.0
2094,47.0,36.0
2095,47.0,37.0
2096,47.0,38.0
2097,47.0,39.0
2098,47.0,40.0
2099,47.0,41.0
2100,47.0,42.0
2101,47.0,43.0
2102,47.0,44.0
2103,47.0,45.0
2104,47.0,46.0
2105,47.0,47.0
2106,47.0,48.0
2107,47.0,49.0
2108,47.0,50.0
2109,47.0,51.0
2110,47.0,52.0
2111,48.0,8.0
2112,48.0,9.0
2113,48.0,10.0
2114,48.0,11.0
2115,48.0,12.0
2116,48.0,13.0
2117,48.0,14.0
2118,48.0,15.0
2119,48.0,16.0
2120,48.0,17.0
2121,48.0,18.0
2122,48.0,19.0
2123,48.0,20.0
2124,48.0,21.0
2125,48.0,22.0
2126,48.0,23.0
2127,48.0,24.0
2128,48.0,25.0
2129,48.0,26.0
2130,48.0,27.0
2131,48.0,28.0
2132,48.0,29.0
2133,48.0,30.0
2134,48.0,31.0
2135,48.0,32.0
2136,48.0,33.0
2137,48.0,34.0
2138,48.0,35.0
2139,48.0,36.0
2140,48.0,37.0
2141,48.0,38.0
2142,48.0,39.0
2143,48.0,40.0
2144,48.0,41.0
2145,48.0,42.0
2146,48.0,43.0
2147,48.0,44.0
2148,48.0,45.0
2149,48.0,46.0
2150,48.0,47.0
2151,48.0,48.0
2152,48.0,49.0
2153,48.0,50.0
2154,48.0,51.0
2155,48.0,52.0
2156,49.0,8.0
2157,49.0,9.0
2158,49.0,10.0
2159,49.0,11.0
2160,49.0,12.0
2161,49.0,13.0
2162,49.0,14.0
2163,49.0,15.0
2164,49.0,16.0
2165,49.0,17.0
2166,49.0,18.0
2167,49.0,19.0
2168,49.0,20.0
2169,49.0,21.0
2170,49.0,22.0
2171,49.0,23.0
2172,49.0,24.0
2173,49.0,25.0
2174,49.0,26.0
2175,49.0,27.0
2176,49.0,28.0
2177,49.0,29.0
2178,49.0,30.0
2179,49.0,31.0
2180,49.0,32.0
2181,49.0,33.0
2182,49.0,34.0
2183,49.0,35.0
2184,49.0,36.0
2185,49.0,37.0
2186,49.0,38.0
2187,49.0,39.0
2188,49.0,40.0
2189,49.0,41.0
2190,49.0,42.0
2191,49.0,43.0
2192,49.0,44.0
2193,49.0,45.0
2194,49.0,46.0
2195,49.0,47.0
2196,49.0,48.0
2197,49.0,49.0
2198,49.0,50.0
2199,49.0,51.0
2200,49.0,52.0
2201,50.0,6.0
2202,50.0,7.0
2203,50.0,8.0
2204,50.0,9.0
2205,50.0,10.0
2206,50.0,11.0
2207,50.0,12.0
2208,50.0,13.0
2209,50.0,14.0
2210,50.0,15.0
2211,50.0,16.0
2212,50.0,17.0
2213,50.0,18.0
2214,50.0,19.0
2215,50.0,20.0
2216,50.0,21.0
2217,50.0,22.0
2218,50.0,23.0
2219,50.0,24.0
2220,50.0,25.0
2221,50.0,26.0
2222,50.0,27.0
2223,50.0,28.0
2224,50.0,29.0
2225,50.0,30.0
2226,50.0,31.0
2227,50.0,32.0
2228,50.0,33.0
2229,50.0,34.0
2230,50.0,35.0
2231,50.0,36.0
2232,50.0,37.0
2233,50.0,38.0
2234,50.0,39.0
2235,50.0,40.0
2236,50.0,41.0
2237,50.0,42.0
2238,50.0,43.0
2239,50.0,44.0
2240,50.0,45.0
2241,50.0,46.0
2242,50.0,47.0
2243,50.0,48.0
2244,50.0,49.0
2245,50.0,50.0
2246,50.0,51.0
2247,51.0,6.0
2248,51.0,7.0
2249,51.0,8.0
2250,51.0,9.0
2251,51.0,10.0
2252,51.0,11.0
2253,51.0,12.0
2254,51.0,13.0
2255,51.0,14.0
2256,51.0,15.0
2257,51.0,16.0
2258,51.0,17.0
2259,51.0,18.0
2260,51.0,19.0
2261,51.0,20.0
2262,51.0,21.0
2263,51.0,22.0
2264,51.0,23.0
2265,51.0,24.0
2266,51.0,25.0
2267,51.0,26.0
2268,51.0,27.0
2269,51.0,28.0
2270,51.0,29.0
2271,51.0,30.0
2272,51.0,31.0
2273,51.0,32.0
2274,51.0,33.0
2275,51.0,34.0
2276,51.0,35.0
2277,51.0,36.0
2278,51.0,37.0
2279,51.0,38.0
2280,51.0,39.0
2281,51.0,40.0
2282,51.0,41.0
2283,51.0,42.0
2284,51.0,43.0
2285,51.0,44.0
2286,51.0,45.0
2287,51.0,46.0
2288,51.0,47.0
2289,51.0,48.0
2290,51.0,49.0
2291,51.0,50.0
2292,52.0,6.0
2293,52.0,7.0
2294,52.0,8.0
2295,52.0,9.0
2296,52.0,10.0
2297,52.0,11.0
2298,52.0,12.0
2299,52.0,13.0
2300,52.0,14.0
2301,52.0,15.0
2302,52.0,16.0
2303,52.0,17.0
2304,52.0,18.0
2305,52.0,19.0
2306,52.0,20.0
2307,52.0,21.0
2308,52.0,22.0
2309,52.0,23.0
2310,52.0,24.0
2311,52.0,25.0
2312,52.0,26.0
2313,52.0,27.0
2314,52.0,28.0
2315,52.0,29.0
2316,52.0,30.0
2317,52.0,31.0
2318,52.0,32.0
2319,52.0,33.0
2320,52.0,34.0
2321,52.0,35.0
2322,52.0,36.0
2323,52.0,37.0
2324,52.0,38.0
2325,52.0,39.0
2326,52.0,40.0
2327,52.0,41.0
2328,52.0,42.0
2329,52.0,43.0
2330,52.0,44.0
2331,52.0,45.0
2332,52.0,46.0
2333,52.0,47.0
2334,52.0,48.0
2335,52.0,49.0
2336,52.0,50.0
2337,53.0,6.0
2338,53.0,7.0
2339,53.0,8.0
2340,53.0,9.0
2341,53.0,10.0
2342,53.0,11.0
2343,53.0,12.0
2344,53.0,13.0
2345,53.0,14.0
2346,53.0,15.0
2347,53.0,16.0
2348,53.0,17.0
2349,53.0,18.0
2350,53.0,19.0
2351,53.0,20.0
2352,53.0,21.0
2353,53.0,22.0
2354,53.0,23.0
2355,53.0,24.0
2356,53.0,25.0
2357,53.0,26.0
2358,53.0,27.0
2359,53.0,28.0
2360,53.0,29.0
2361,53.0,30.0
2362,53.0,31.0
2363,53.0,32.0
2364,53.0,33.0
2365,53.0,34.0
2366,53.0,35.0
2367,53.0,36.0
2368,53.0,37.0
2369,53.0,38.0
2370,53.0,39.0
2371,53.0,40.0
2372,53.0,41.0
2373,53.0,42.0
2374,53.0,43.0
2375,53.0,44.0
2376,53.0,45.0
2377,53.0,46.0
2378,53.0,47.0
2379,53.0,48.0
2380,53.0,49.0
2381,53.0,50.0
2382,54.0,6.0
2383,54.0,7.0
2384,54.0,8.0
2385,54.0,9.0
2386,54.0,10.0
2387,54.0,11.0
2388,54.0,12.0
2389,54.0,13.0
2390,54.0,14.0
2391,54.0,15.0
2392,54.0,16.0
2393,54.0,17.0
2394,54.0,18.0
2395,54.0,19.0
2396,54.0,20.0
2397,54.0,21.0
2398,54.0,22.0
2399,54.0,23.0
2400,54.0,24.0
2401,54.0,25.0
2402,54.0,26.0
2403,54.0,27.0
2404,54.0,28.0
2405,54.0,29.0
2406,54.0,30.0
2407,54.0,31.0
2408,54.0,32.0
2409,54.0,33.0
2410,54.0,34.0
2411,54.0,35.0
2412,54.0,36.0
2413,54.0,37.0
2414,54.0,38.0
2415,54.0,39.0
2416,54.0,40.0
2417,54.0,41.0
2418,54.0,42.0
2419,54.0,43.0
2420,54.0,44.0
2421,54.0,45.0
2422,54.0,46.0
2423,54.0,47.0
2424,54.0,48.0
2425,54.0,49.0
2426,54.0,50.0
2427,55.0,6.0
2428,55.0,7.0
2429,55.0,8.0
2430,55.0,9.0
2431,55.0,10.0
2432,55.0,11.0
2433,55.0,12.0
2434,55.0,13.0
2435,55.0,14.0
2436,55.0,15.0
2437,55.0,16.0
2438,55.0,17.0
2439,55.0,18.0
2440,55.0,19.0
2441,55.0,20.0
2442,55.0,21.0
2443,55.0,22.0
2444,55.0,23.0
2445,55.0,24.0
2446,55.0,25.0
2447,55.0,26.0
2448,55.0,27.0
2449,55.0,28.0
2450,55.0,29.0
2451,55.0,30.0
2452,55.0,31.0
2453,55.0,32.0
2454,55.0,33.0
2455,55.0,34.0
2456,55.0,35.0
2457,55.0,36.0
2458,55.0,37.0
2459,55.0,38.0
2460,55.0,39.0
2461,55.0,40.0
2462,55.0,41.0
2463,55.0,42.0
2464,55.0,43.0
2465,55.0,44.0
2466,55.0,45.0
2467,55.0,46.0
2468,55.0,47.0
2469,55.0,48.0
2470,55.0,49.0
2471,55.0,50.0
2472,56.0,6.0
2473,56.0,7.0
2474,56.0,8.0
2475,56.0,9.0
2476,56.0,10.0
2477,56.0,11.0
2478,56.0,12.0
2479,56.0,13.0
2480,56.0,14.0
2481,56.0,15.0
2482,56.0,16.0
2483,56.0,17.0
2484,56.0,18.0
2485,56.0,19.0
2486,56.0,20.0
2487,56.0,21.0
2488,56.0,22.0
2489,56.0,23.0
2490,56.0,24.0
2491,56.0,25.0
2492,56.0,26.0
2493,56.0,27.0
2494,56.0,28.0
2495,56.0,29.0
2496,56.0,30.0
2497,56.0,31.0
2498,56.0,32.0
2499,56.0,33.0
2500,56.0,34.0
2501,56.0,35.0
2502,56.0,36.0
2503,56.0,37.0
2504,56.0,38.0
2505,56.0,39.0
2506,56.0,40.0
2507,56.0,41.0
2508,56.0,42.0
2509,56.0,43.0
2510,56.0,44.0
2511,56.0,45.0
2512,56.0,46.0
2513,56.0,47.0
2514,56.0,48.0
2515,56.0,49.0
2516,56.0,50.0
2517,57.0,6.0
2518,57.0,7.0
2519,57.0,8.0
2520,57.0,9.0
2521,57.0,10.0
2522,57.0,11.0
2523,57.0,12.0
2524,57.0,13.0
2525,57.0,14.0
2526,57.0,15.0
2527,57.0,16.0
2528,57.0,17.0
2529,57.0,18.0
2530,57.0,19.0
2531,57.0,20.0
2532,57.0,21.0
2533,57.0,22.0
2534,57.0,23.0
2535,57.0,24.0
2536,57.0,25.0
2537,57.0,26.0
2538,57.0,27.0
2539,57.0,28.0
2540,57.0,29.0
2541,57.0,30.0
2542,57.0,31.0
2543,57.0,32.0
2544,57.0,33.0
2545,57.0,34.0
2546,57.0,35.0
2547,57.0,36.0
2548,57.0,37.0
2549,57.0,38.0
2550,57.0,39.0
2551,57.0,40.0
2552,57.0,41.0
2553,57.0,42.0
2554,57.0,43.0
2555,57.0,44.0
2556,57.0,45.0
2557,57.0,46.0
2558,57.0,47.0
2559,57.0,48.0
2560,57.0,49.0
2561,57.0,50.0
2562,58.0,4.0
2563,58.0,5.0
2564,58.0,6.0
2565,58.0,7.0
2566,58.0,8.0
2567,58.0,9.0
2568,58.0,10.0
2569,58.0,11.0
2570,58.0,12.0
2571,58.0,13.0
2572,58.0,14.0
2573,58.0,15.0
2574,58.0,16.0
2575,58.0,17.0
2576,58.0,18.0
2577,58.0,19.0
2578,58.0,20.0
2579,58.0,21.0
2580,58.0,22.0
2581,58.0,23.0
2582,58.0,24.0
2583,58.0,25.0
2584,58.0,26.0
2585,58.0,27.0
2586,58.0,28.0
2587,58.0,29.0
2588,58.0,30.0
2589,58.0,31.0
2590,58.0,32.0
2591,58.0,33.0
2592,58.0,34.0
2593,58.0,35.0
2594,58.0,36.0
2595,58.0,37.0
2596,58.0,38.0
2597,58.0,39.0
2598,58.0,40.0
2599,58.0,41.0
2600,58.0,42.0
2601,58.0,43.0
2602,58.0,44.0
2603,58.0,45.0
2604,58.0,46.0
2605,58.0,47.0
2606,58.0,48.0
2607,58.0,49.0
2608,58.0,50.0
2609,59.0,4.0
2610,59.0,5.0
2611,59.0,6.0
2612,59.0,7.0
2613,59.0,8.0
2614,59.0,9.0
2615,59.0,10.0
2616,59.0,11.0
2617,59.0,12.0
2618,59.0,13.0
2619,59.0,14.0
2620,59.0,15.0
2621,59.0,16.0
2622,59.0,17.0
2623,59.0,18.0
2624,59.0,19.0
2625,59.0,20.0
2626,59.0,21.0
2627,59.0,22.0
2628,59.0,23.0
2629,59.0,24.0
2630,59.0,25.0
2631,59.0,26.0
2632,59.0,27.0
2633,59.0,28.0
2634,59.0,29.0
2635,59.0,30.0
2636,59.0,31.0
2637,59.0,32.0
2638,59.0,33.0
2639,59.0,34.0
2640,59.0,35.0
2641,59.0,36.0
2642,59.0,37.0
2643,59.0,38.0
2644,59.0,39.0
2645,59.0,40.0
2646,59.0,41.0
2647,59.0,42.0
2648,59.0,43.0
2649,59.0,44.0
2650,59.0,45.0
2651,59.0,46.0
2652,59.0,47.0
2653,59.0,48.0
2654,59.0,49.0
2655,59.0,50.0
2656,60.0,4.0
2657,60.0,5.0
2658,60.0,6.0
2659,60.0,7.0
2660,60.0,8.0
2661,60.0,9.0
2662,60.0,10.0
2663,60.0,11.0
2664,60.0,12.0
2665,60.0,13.0
2666,60.0,14.0
2667,60.0,15.0
2668,60.0,16.0
2669,60.0,17.0
2670,60.0,18.0
2671,60.0,19.0
2672,60.0,20.0
2673,60.0,21.0
2674,60.0,22.0
2675,60.0,23.0
2676,60.0,24.0
2677,60.0,25.0
2678,60.0,26.0
2679,60.0,27.0
2680,60.0,28.0
2681,60.0,29.0
2682,60.0,30.0
2683,60.0,31.0
2684,60.0,32.0
2685,60.0,33.0
2686,60.0,34.0
2687,60.0,35.0
2688,60.0,36.0
2689,60.0,37.0
2690,60.0,38.0
2691,60.0,39.0
2692,60.0,40.0
2693,60.0,41.0
2694,60.0,42.0
2695,60.0,43.0
2696,60.0,44.0
2697,60.0,45.0
2698,60.0,46.0
2699,60.0,47.0
2700,60.0,48.0
2701,60.0,49.0
2702,60.0,50.0
2703,61.0,4.0
2704,61.0,5.0
2705,61.0,6.0
2706,61.0,7.0
2707,61.0,8.0
2708,61.0,9.0
2709,61.0,10.0
2710,61.0,11.0
2711,61.0,12.0
2712,61.0,13.0
2713,61.0,14.0
2714,61.0,15.0
2715,61.0,16.0
2716,61.0,17.0
2717,61.0,18.0
2718,61.0,19.0
2719,61.0,20.0
2720,61.0,21.0
2721,61.0,22.0
2722,61.0,23.0
2723,61.0,24.0
2724,61.0,25.0
2725,61.0,26.0
2726,61.0,27.0
2727,61.0,28.0
2728,61.0,29.0
2729,61.0,30.0
2730,61.0,31.0
2731,61.0,32.0
2732,61.0,33.0
2733,61.0,34.0
2734,61.0,35.0
2735,61.0,36.0
2736,61.0,37.0
2737,61.0,38.0
2738,61.0,39.0
2739,61.0,40.0
2740,61.0,41.0
2741,61.0,42.0
2742,61.0,43.0
2743,61.0,44.0
2744,61.0,45.0
2745,61.0,46.0
2746,61.0,47.0
2747,61.0,48.0
2748,61.0,49.0
2749,61.0,50.0
2750,62.0,4.0
2751,62.0,5.0
2752,62.0,6.0
2753,62.0,7.0
2754,62.0,8.0
2755,62.0,9.0
2756,62.0,10.0
2757,62.0,11.0
2758,62.0,12.0
2759,62.0,13.0
2760,62.0,14.0
2761,62.0,15.0
2762,62.0,16.0
2763,62.0,17.0
2764,62.0,18.0
2765,62.0,19.0
2766,62.0,20.0
2767,62.0,21.0
2768,62.0,22.0
2769,62.0,23.0
2770,62.0,24.0
2771,62.0,25.0
2772,62.0,26.0
2773,62.0,27.0
2774,62.0,28.0
2775,62.0,29.0
2776,62.0,30.0
2777,62.0,31.0
2778,62.0,32.0
2779,62.0,33.0
2780,62.0,34.0
2781,62.0,35.0
2782,62.0,36.0
2783,62.0,37.0
2784,62.0,38.0
2785,62.0,39.0
2786,62.0,40.0
2787,62.0,41.0
2788,62.0,42.0
2789,62.0,43.0
2790,62.0,44.0
2791,62.0,45.0
2792,62.0,46.0
2793,62.0,47.0
2794,62.0,48.0
2795,62.0,49.0
2796,62.0,50.0
2797,63.0,4.0
2798,63.0,5.0
2799,63.0,6.0
2800,63.0,7.0
2801,63.0,8.0
2802,63.0,9.0
2803,63.0,10.0
2804,63.0,11.0
2805,63.0,12.0
2806,63.0,13.0
2807,63.0,14.0
2808,63.0,15.0
2809,63.0,16.0
2810,63.0,17.0
2811,63.0,18.0
2812,63.0,19.0
2813,63.0,20.0
2814,63.0,21.0
2815,63.0,22.0
2816,63.0,23.0
2817,63.0,24.0
2818,63.0,25.0
2819,63.0,26.0
2820,63.0,27.0
2821,63.0,28.0
2822,63.0,29.0
2823,63.0,30.0
2824,63.0,31.0
2825,63.0,32.0
2826,63.0,33.0
2827,63.0,34.0
2828,63.0,35.0
2829,63.0,36.0
2830,63.0,37.0
2831,63.0,38.0
2832,63.0,39.0
2833,63.0,40.0
2834,63.0,41.0
2835,63.0,42.0
2836,63.0,43.0
2837,63.0,44.0
2838,63.0,45.0
2839,63.0,46.0
2840,63.0,47.0
2841,63.0,48.0
2842,63.0,49.0
2843,63.0,50.0
2844,64.0,4.0
2845,64.0,5.0
2846,64.0,6.0
2847,64.0,7.0
2848,64.0,8.0
2849,64.0,9.0
2850,64.0,10.0
2851,64.0,11.0
2852,64.0,12.0
2853,64.0,13.0
2854,64.0,14.0
2855,64.0,15.0
2856,64.0,16.0
2857,64.0,17.0
2858,64.0,18.0
2859,64.0,19.0
2860,64.0,20.0
2861,64.0,21.0
2862,64.0,22.0
2863,64.0,23.0
2864,64.0,24.0
2865,64.0,25.0
2866,64.0,26.0
2867,64.0,27.0
2868,64.0,28.0
2869,64.0,29.0
2870,64.0,30.0
2871,64.0,31.0
2872,64.0,32.0
2873,64.0,33.0
2874,64.0,34.0
2875,64.0,35.0
2876,64.0,36.0
2877,64.0,37.0
2878,64.0,38.0
2879,64.0,39.0
2880,64.0,40.0
2881,64.0,41.0
2882,64.0,42.0
2883,64.0,43.0
2884,64.0,44.0
2885,64.0,45.0
2886,64.0,46.0
2887,64.0,47.0
2888,64.0,48.0
2889,64.0,49.0
2890,64.0,50.0
2891,65.0,4.0
2892,65.0,5.0
2893,65.0,6.0
2894,65.0,7.0
2895,65.0,8.0
2896,65.0,9.0
2897,65.0,10.0
2898,65.0,11.0
2899,65.0,12.0
2900,65.0,13.0
2901,65.0,14.0
2902,65.0,15.0
2903,65.0,16.0
2904,65.0,17.0
2905,65.0,18.0
2906,65.0,19.0
2907,65.0,20.0
2908,65.0,21.0
2909,65.0,22.0
2910,65.0,23.0
2911,65.0,24.0
2912,65.0,25.0
2913,65.0,26.0
2914,65.0,27.0
2915,65.0,28.0
2916,65.0,29.0
2917,65.0,30.0
2918,65.0,31.0
2919,65.0,32.0
2920,65.0,33.0
2921,65.0,34.0
2922,65.0,35.0
2923,65.0,36.0
2924,65.0,37.0
2925,65.0,38.0
2926,65.0,39.0
2927,65.0,40.0
2928,65.0,41.0
2929,65.0,42.0
2930,65.0,43.0
2931,65.0,44.0
2932,65.0,45.0
2933,65.0,46.0
2934,65.0,47.0
2935,65.0,48.0
2936,65.0,49.0
2937,65.0,50.0
2938,66.0,2.0
2939,66.0,3.0
2940,66.0,4.0
2941,66.0,5.0
2942,66.0,6.0
2943,66.0,7.0
2944,66.0,8.0
2945,66.0,9.0
2946,66.0,10.0
2947,66.0,11.0
2948,66.0,12.0
2949,66.0,13.0
2950,66.0,14.0
2951,66.0,15.0
2952,66.0,16.0
2953,66.0,17.0
2954,66.0,18.0
2955,66.0,19.0
2956,66.0,20.0
2957,66.0,21.0
2958,66.0,22.0
2959,66.0,23.0
2960,66.0,24.0
2961,66.0,25.0
2962,66.0,26.0
2963,66.0,27.0
2964,66.0,28.0
2965,66.0,29.0
2966,66.0,30.0
2967,66.0,31.0
2968,66.0,32.0
2969,66.0,33.0
2970,66.0,34.0
2971,66.0,35.0
2972,66.0,36.0
2973,66.0,37.0
2974,66.0,38.0
2975,66.0,39.0
2976,66.0,40.0
2977,66.0,41.0
2978,66.0,42.0
2979,66.0,43.0
2980,66.0,44.0
2981,66.0,45.0
2982,66.0,46.0
2983,66.0,47.0
2984,66.0,48.0
2985,66.0,49.0
2986,67.0,2.0
2987,67.0,3.0
2988,67.0,4.0
2989,67.0,5.0
2990,67.0,6.0
2991,67.0,7.0
2992,67.0,8.0
2993,67.0,9.0
2994,67.0,10.0
2995,67.0,11.0
2996,67.0,12.0
2997,67.0,13.0
2998,67.0,14.0
2999,67.0,15.0
3000,67.0,16.0
3001,67.0,17.0
3002,67.0,18.0
3003,67.0,19.0
3004,67.0,20.0
3005,67.0,21.0
3006,67.0,22.0
3007,67.0,23.0
3008,67.0,24.0
3009,67.0,25.0
3010,67.0,26.0
3011,67.0,27.0
3012,67.0,28.0
3013,67.0,29.0
3014,67.0,30.0
3015,67.0,31.0
3016,67.0,32.0
3017,67.0,33.0
3018,67.0,34.0
3019,67.0,35.0
3020,67.0,36.0
3021,67.0,37.0
3022,67.0,38.0
3023,67.0,39.0
3024,67.0,40.0
3025,67.0,41.0
3026,67.0,42.0
3027,67.0,43.0
3028,67.0,44.0
3029,67.0,45.0
3030,67.0,46.0
3031,67.0,47.0
3032,67.0,48.0
3033,68.0,2.0
3034,68.0,3.0
3035,68.0,4.0
3036,68.0,5.0
3037,68.0,6.0
3038,68.0,7.0
3039,68.0,8.0
3040,68.0,9.0
3041,68.0,10.0
3042,68.0,11.0
3043,68.0,12.0
3044,68.0,13.0
3045,68.0,14.0
3046,68.0,15.0
3047,68.0,16.0
3048,68.0,17.0
3049,68.0,18.0
3050,68.0,19.0
3051,68.0,20.0
3052,68.0,21.0
3053,68.0,22.0
3054,68.0,23.0
3055,68.0,24.0
3056,68.0,25.0
3057,68.0,26.0
3058,68.0,27.0
3059,68.0,28.0
3060,68.0,29.0
3061,68.0,30.0
3062,68.0,31.0
3063,68.0,32.0
3064,68.0,33.0
3065,68.0,34.0
3066,68.0,35.0
3067,68.0,36.0
3068,68.0,37.0
3069,68.0,38.0
3070,68.0,39.0
3071,68.0,40.0
3072,68.0,41.0
3073,68.0,42.0
3074,68.0,43.0
3075,68.0,44.0
3076,68.0,45.0
3077,68.0,46.0
3078,68.0,47.0
3079,68.0,48.0
3080,69.0,2.0
3081,69.0,3.0
3082,69.0,4.0
3083,69.0,5.0
3084,69.0,6.0
3085,69.0,7.0
3086,69.0,8.0
3087,69.0,9.0
3088,69.0,10.0
3089,69.0,11.0
3090,69.0,12.0
3091,69.0,13.0
3092,69.0,14.0
3093,69.0,15.0
3094,69.0,16.0
3095,69.0,17.0
3096,69.0,18.0
3097,69.0,19.0
3098,69.0,20.0
3099,69.0,21.0
3100,69.0,22.0
3101,69.0,23.0
3102,69.0,24.0
3103,69.0,25.0
3104,69.0,26.0
3105,69.0,27.0
3106,69.0,28.0
3107,69.0,29.0
3108,69.0,30.0
3109,69.0,31.0
3110,69.0,32.0
3111,69.0,33.0
3112,69.0,34.0
3113,69.0,35.0
3114,69.0,36.0
3115,69.0,37.0
3116,69.0,38.0
3117,69.0,39.0
3118,69.0,40.0
3119,69.0,41.0
3120,69.0,42.0
3121,69.0,43.0
3122,69.0,44.0
3123,69.0,45.0
3124,69.0,46.0
3125,69.0,47.0
3126,69.0,48.0
3127,69.0,49.0
3128,70.0,2.0
3129,70.0,3.0
3130,70.0,4.0
3131,70.0,5.0
3132,70.0,6.0
3133,70.0,7.0
3134,70.0,8.0
3135,70.0,9.0
3136,70.0,10.0
3137,70.0,11.0
3138,70.0,12.0
3139,70.0,13.0
3140,70.0,14.0
3141,70.0,15.0
3142,70.0,16.0
3143,70.0,17.0
3144,70.0,18.0
3145,70.0,19.0
3146,70.0,20.0
3147,70.0,21.0
3148,70.0,22.0
3149,70.0,23.0
3150,70.0,24.0
3151,70.0,25.0
3152,70.0,26.0
3153,70.0,27.0
3154,70.0,28.0
3155,70.0,29.0
3156,70.0,30.0
3157,70.0,31.0
3158,70.0,32.0
3159,70.0,33.0
3160,70.0,34.0
3161,70.0,35.0
3162,70.0,36.0
3163,70.0,37.0
3164,70.0,38.0
3165,70.0,39.0
3166,70.0,40.0
3167,70.0,41.0
3168,70.0,42.0
3169,70.0,43.0
3170,70.0,44.0
3171,70.0,45.0
3172,70.0,46.0
3173,70.0,47.0
3174,70.0,48.0
3175,70.0,49.0
3176,71.0,2.0
3177,71.0,3.0
3178,71.0,4.0
3179,71.0,5.0
3180,71.0,6.0
3181,71.0,7.0
3182,71.0,8.0
3183,71.0,9.0
3184,71.0,10.0
3185,71.0,11.0
3186,71.0,12.0
3187,71.0,13.0
3188,71.0,14.0
3189,71.0,15.0
3190,71.0,16.0
3191,71.0,17.0
3192,71.0,18.0
3193,71.0,19.0
3194,71.0,20.0
3195,71.0,21.0
3196,71.0,22.0
3197,71.0,23.0
3198,71.0,24.0
3199,71.0,25.0
3200,71.0,26.0
3201,71.0,27.0
3202,71.0,28.0
3203,71.0,29.0
3204,71.0,30.0
3205,71.0,31.0
3206,71.0,32.0
3207,71.0,33.0
3208,71.0,34.0
3209,71.0,35.0
3210,71.0,36.0
3211,71.0,37.0
3212,71.0,38.0
3213,71.0,39.0
3214,71.0,40.0
3215,71.0,41.0
3216,71.0,42.0
3217,71.0,43.0
3218,71.0,44.0
3219,71.0,45.0
3220,71.0,46.0
3221,71.0,47.0
3222,71.0,48.0
3223,71.0,49.0
3224,72.0,2.0
3225,72.0,3.0
3226,72.0,4.0
3227,72.0,5.0
3228,72.0,6.0
3229,72.0,7.0
3230,72.0,8.0
3231,72.0,9.0
3232,72.0,10.0
3233,72.0,11.0
3234,72.0,12.0
3235,72.0,13.0
3236,72.0,14.0
3237,72.0,15.0
3238,72.0,16.0
3239,72.0,17.0
3240,72.0,18.0
3241,72.0,19.0
3242,72.0,20.0
3243,72.0,21.0
3244,72.0,22.0
3245,72.0,23.0
3246,72.0,24.0
3247,72.0,25.0
3248,72.0,26.0
3249,72.0,27.0
3250,72.0,28.0
3251,72.0,29.0
3252,72.0,30.0
3253,72.0,31.0
3254,72.0,32.0
3255,72.0,33.0
3256,72.0,34.0
3257,72.0,35.0
3258,72.0,36.0
3259,72.0,37.0
3260,72.0,38.0
3261,72.0,39.0
3262,72.0,40.0
3263,72.0,41.0
3264,72.0,42.0
3265,72.0,43.0
3266,72.0,44.0
3267,72.0,45.0
3268,72.0,46.0
3269,72.0,47.0
3270,72.0,48.0
3271,72.0,49.0
3272,73.0,2.0
3273,73.0,3.0
3274,73.0,4.0
3275,73.0,5.0
3276,73.0,6.0
3277,73.0,7.0
3278,73.0,8.0
3279,73.0,9.0
3280,73.0,10.0
3281,73.0,11.0
3282,73.0,12.0
3283,73.0,13.0
3284,73.0,14.0
3285,73.0,15.0
3286,73.0,16.0
3287,73.0,17.0
3288,73.0,18.0
3289,73.0,19.0
3290,73.0,20.0
3291,73.0,21.0
3292,73.0,22.0
3293,73.0,23.0
3294,73.0,24.0
3295,73.0,25.0
3296,73.0,26.0
3297,73.0,27.0
3298,73.0,28.0
3299,73.0,29.0
3300,73.0,30.0
3301,73.0,31.0
3302,73.0,32.0
3303,73.0,33.0
3304,73.0,34.0
3305,73.0,35.0
3306,73.0,36.0
3307,73.0,37.0
3308,73.0,38.0
3309,73.0,39.0
3310,73.0,40.0
3311,73.0,41.0
3312,73.0,42.0
3313,73.0,43.0
3314,73.0,44.0
3315,73.0,45.0
3316,73.0,46.0
3317,73.0,47.0
3318,73.0,48.0
3319,73.0,49.0
3320,74.0,2.0
3321,74.0,3.0
3322,74.0,4.0
3323,74.0,5.0
3324,74.0,6.0
3325,74.0,7.0
3326,74.0,8.0
3327,74.0,9.0
3328,74.0,10.0
3329,74.0,11.0
3330,74.0,12.0
3331,74.0,13.0
3332,74.0,14.0
3333,74.0,15.0
3334,74.0,16.0
3335,74.0,17.0
3336,74.0,18.0
3337,74.0,19.0
3338,74.0,20.0
3339,74.0,21.0
3340,74.0,22.0
3341,74.0,23.0
3342,74.0,24.0
3343,74.0,25.0
3344,74.0,26.0
3345,74.0,27.0
3346,74.0,28.0
3347,74.0,29.0
3348,74.0,30.0
3349,74.0,31.0
3350,74.0,32.0
3351,74.0,33.0
3352,74.0,34.0
3353,74.0,35.0
3354,74.0,36.0
3355,74.0,37.0
3356,74.0,38.0
3357,74.0,39.0
3358,74.0,40.0
3359,74.0,41.0
3360,74.0,42.0
3361,74.0,43.0
3362,74.0,44.0
3363,74.0,45.0
3364,74.0,46.0
3365,74.0,47.0
3366,74.0,48.0
3367,74.0,49.0
3368,75.0,2.0
3369,75.0,3.0
3370,75.0,4.0
3371,75.0,5.0
3372,75.0,6.0
3373,75.0,7.0
3374,75.0,8.0
3375,75.0,9.0
3376,75.0,10.0
3377,75.0,11.0
3378,75.0,12.0
3379,75.0,13.0
3380,75.0,14.0
3381,75.0,15.0
3382,75.0,16.0
3383,75.0,17.0
3384,75.0,18.0
3385,75.0,19.0
3386,75.0,20.0
3387,75.0,21.0
3388,75.0,22.0
3389,75.0,23.0
3390,75.0,24.0
3391,75.0,25.0
3392,75.0,26.0
3393,75.0,27.0
3394,75.0,28.0
3395,75.0,29.0
3396,75.0,30.0
3397,75.0,31.0
3398,75.0,32.0
3399,75.0,33.0
3400,75.0,34.0
3401,75.0,35.0
3402,75.0,36.0
3403,75.0,37.0
3404,75.0,38.0
3405,75.0,39.0
3406,75.0,40.0
3407,75.0,41.0
3408,75.0,42.0
3409,75.0,43.0
3410,75.0,44.0
3411,75.0,45.0
3412,75.0,46.0
3413,75.0,47.0
3414,75.0,48.0
3415,75.0,49.0
3416,76.0,0.0
3417,76.0,1.0
3418,76.0,2.0
3419,76.0,3.0
3420,76.0,4.0
3421,76.0,5.0
3422,76.0,6.0
3423,76.0,7.0
3424,76.0,8.0
3425,76.0,9.0
3426,76.0,10.0
3427,76.0,11.0
3428,76.0,12.0
3429,76.0,13.0
3430,76.0,14.0
3431,76.0,15.0
3432,76.0,16.0
3433,76.0,17.0
3434,76.0,18.0
3435,76.0,19.0
3436,76.0,20.0
3437,76.0,21.0
3438,76.0,22.0
3439,76.0,23.0
3440,76.0,24.0
3441,76.0,25.0
3442,76.0,26.0
3443,76.0,27.0
3444,76.0,28.0
3445,76.0,29.0
3446,76.0,30.0
3447,76.0,31.0
3448,76.0,32.0
3449,76.0,33.0
3450,76.0,34.0
3451,76.0,35.0
3452,76.0,36.0
3453,76.0,37.0
3454,76.0,38.0
3455,76.0,39.0
3456,76.0,40.0
3457,76.0,41.0
3458,76.0,42.0
3459,76.0,43.0
3460,76.0,44.0
3461,76.0,45.0
3462,77.0,0.0
3463,77.0,1.0
3464,77.0,2.0
3465,77.0,3.0
3466,77.0,4.0
3467,77.0,5.0
3468,77.0,6.0
3469,77.0,7.0
3470,77.0,8.0
3471,77.0,9.0
3472,77.0,10.0
3473,77.0,11.0
3474,77.0,12.0
3475,77.0,13.0
3476,77.0,14.0
3477,77.0,15.0
3478,77.0,16.0
3479,77.0,17.0
3480,77.0,18.0
3481,77.0,19.0
3482,77.0,20.0
3483,77.0,21.0
3484,77.0,22.0
3485,77.0,23.0
3486,77.0,24.0
3487,77.0,25.0
3488,77.0,26.0
3489,77.0,27.0
3490,77.0,28.0
3491,77.0,29.0
3492,77.0,30.0
3493,77.0,31.0
3494,77.0,32.0
3495,77.0,33.0
3496,77.0,34.0
3497,77.0,35.0
3498,77.0,36.0
3499,77.0,37.0
3500,77.0,38.0
3501,77.0,39.0
3502,77.0,40.0
3503,77.0,41.0
3504,77.0,42.0
3505,77.0,43.0
3506,77.0,44.0
3507,77.0,45.0
3508,78.0,0.0
3509,78.0,1.0
3510,78.0,2.0
3511,78.0,3.0
3512,78.0,4.0
3513,78.0,5.0
3514,78.0,6.0
3515,78.0,7.0
3516,78.0,8.0
3517,78.0,9.0
3518,78.0,10.0
3519,78.0,11.0
3520,78.0,12.0
3521,78.0,13.0
3522,78.0,14.0
3523,78.0,15.0
3524,78.0,16.0
3525,78.0,17.0
3526,78.0,18.0
3527,78.0,19.0
3528,78.0,20.0
3529,78.0,21.0
3530,78.0,22.0
3531,78.0,23.0
3532,78.0,24.0
3533,78.0,25.0
3534,78.0,26.0
3535,78.0,27.0
3536,78.0,28.0
3537,78.0,29.0
3538,78.0,30.0
3539,78.0,31.0
3540,78.0,32.0
3541,78.0,33.0
3542,78.0,34.0
3543,78.0,35.0
3544,78.0,36.0
3545,78.0,37.0
3546,78.0,38.0
3547,78.0,39.0
3548,78.0,40.0
3549,78.0,41.0
3550,78.0,42.0
3551,78.0,43.0
3552,78.0,44.0
3553,78.0,45.0
3554,79.0,0.0
3555,79.0,1.0
3556,79.0,2.0
3557,79.0,3.0
3558,79.0,4.0
3559,79.0,5.0
3560,79.0,6.0
3561,79.0,7.0
3562,79.0,8.0
3563,79.0,9.0
3564,79.0,10.0
3565,79.0,11.0
3566,79.0,12.0
3567,79.0,13.0
3568,79.0,14.0
3569,79.0,15.0
3570,79.0,16.0
3571,79.0,17.0
3572,79.0,18.0
3573,79.0,19.0
3574,79.0,20.0
3575,79.0,21.0
3576,79.0,22.0
3577,79.0,23.0
3578,79.0,24.0
3579,79.0,25.0
3580,79.0,26.0
3581,79.0,27.0
3582,79.0,28.0
3583,79.0,29.0
3584,79.0,30.0
3585,79.0,31.0
3586,79.0,32.0
3587,79.0,33.0
3588,79.0,34.0
3589,79.0,35.0
3590,79.0,36.0
3591,79.0,37.0
3592,79.0,38.0
3593,79.0,39.0
3594,79.0,40.0
3595,79.0,41.0
3596,79.0,42.0
3597,79.0,43.0
3598,79.0,44.0
3599,79.0,45.0
3600,80.0,0.0
3601,80.0,1.0
3602,80.0,2.0
3603,80.0,3.0
3604,80.0,4.0
3605,80.0,5.0
3606,80.0,6.0
3607,80.0,7.0
3608,80.0,8.0
3609,80.0,9.0
3610,80.0,10.0
3611,80.0,11.0
3612,80.0,12.0
3613,80.0,13.0
3614,80.0,14.0
3615,80.0,15.0
3616,80.0,16.0
3617,80.0,17.0
3618,80.0,18.0
3619,80.0,19.0
3620,80.0,20.0
3621,80.0,21.0
3622,80.0,22.0
3623,80.0,23.0
3624,80.0,24.0
3625,80.0,25.0
3626,80.0,26.0
3627,80.0,27.0
3628,80.0,28.0
3629,80.0,29.0
3630,80.0,30.0
3631,80.0,31.0
3632,80.0,32.0
3633,80.0,33.0
3634,81.0,0.0
3635,81.0,1.0
3636,81.0,2.0
3637,81.0,3.0
3638,81.0,4.0
3639,81.0,5.0
3640,81.0,6.0
3641,81.0,7.0
3642,81.0,8.0
3643,81.0,9.0
3644,81.0,10.0
3645,81.0,11.0
3646,81.0,12.0
3647,81.0,13.0
3648,81.0,14.0
3649,81.0,15.0
3650,81.0,16.0
3651,81.0,17.0
3652,81.0,18.0
3653,81.0,19.0
3654,81.0,20.0
3655,81.0,21.0
3656,81.0,22.0
3657,81.0,23.0
3658,81.0,24.0
3659,81.0,25.0
3660,81.0,26.0
3661,81.0,27.0
3662,81.0,28.0
3663,81.0,29.0
3664,81.0,30.0
3665,81.0,31.0
3666,81.0,32.0
3667,81.0,33.0
3668,82.0,0.0
3669,82.0,1.0
3670,82.0,2.0
3671,82.0,3.0
3672,82.0,4.0
3673,82.0,5.0
3674,82.0,6.0
3675,82.0,7.0
3676,82.0,8.0
3677,82.0,9.0
3678,82.0,10.0
3679,82.0,11.0
3680,82.0,12.0
3681,82.0,13.0
3682,82.0,14.0
3683,82.0,15.0
3684,82.0,16.0
3685,82.0,17.0
3686,82.0,18.0
3687,82.0,19.0
3688,82.0,20.0
3689,82.0,21.0
3690,82.0,22.0
3691,82.0,23.0
3692,82.0,24.0
3693,82.0,25.0
3694,82.0,26.0
3695,82.0,27.0
3696,82.0,28.0
3697,82.0,29.0
3698,83.0,0.0
3699,83.0,1.0
3700,83.0,2.0
3701,83.0,3.0
3702,83.0,4.0
3703,83.0,5.0
3704,83.0,6.0
3705,83.0,7.0
3706,83.0,8.0
3707,83.0,9.0
3708,83.0,10.0
3709,83.0,11.0
3710,83.0,12.0
3711,83.0,13.0
3712,83.0,14.0
3713,83.0,15.0
3714,83.0,16.0
3715,83.0,17.0
3716,83.0,18.0
3717,83.0,19.0
3718,83.0,20.0
3719,83.0,21.0
3720,83.0,22.0
3721,83.0,23.0
3722,83.0,24.0
3723,83.0,25.0
3724,83.0,26.0
3725,83.0,27.0
3726,83.0,28.0
3727,83.0,29.0
3728,84.0,2.0
3729,84.0,3.0
3730,84.0,4.0
3731,84.0,5.0
3732,84.0,6.0
3733,84.0,7.0
3734,84.0,8.0
3735,84.0,9.0
3736,84.0,10.0
3737,84.0,11.0
3738,84.0,12.0
3739,84.0,13.0
3740,84.0,14.0
3741,84.0,15.0
3742,84.0,16.0
3743,84.0,17.0
3744,84.0,18.0
3745,84.0,19.0
3746,84.0,20.0
3747,84.0,21.0
3748,84.0,22.0
3749,84.0,23.0
3750,84.0,24.0
3751,84.0,25.0
3752,85.0,2.0
3753,85.0,3.0
3754,85.0,4.0
3755,85.0,5.0
3756,85.0,6.0
3757,85.0,7.0
3758,85.0,8.0
3759,85.0,9.0
3760,85.0,10.0
3761,85.0,11.0
3762,85.0,12.0
3763,85.0,13.0
3764,85.0,14.0
3765,85.0,15.0
3766,85.0,16.0
3767,85.0,17.0
3768,85.0,18.0
3769,85.0,19.0
3770,85.0,20.0
3771,85.0,21.0
3772,85.0,22.0
3773,85.0,23.0
3774,85.0,24.0
3775,85.0,25.0
3776,86.0,2.0
3777,86.0,3.0
3778,86.0,4.0
3779,86.0,5.0
3780,86.0,6.0
3781,86.0,7.0
3782,86.0,8.0
3783,86.0,9.0
3784,86.0,10.0
3785,86.0,11.0
3786,86.0,12.0
3787,86.0,13.0
3788,86.0,14.0
3789,86.0,15.0
3790,86.0,16.0
3791,86.0,17.0
3792,86.0,18.0
3793,86.0,19.0
3794,87.0,2.0
3795,87.0,3.0
3796,87.0,4.0
3797,87.0,5.0
3798,87.0,6.0
3799,87.0,7.0
3800,87.0,8.0
3801,87.0,9.0
3802,87.0,10.0
3803,87.0,11.0
3804,87.0,12.0
3805,87.0,13.0
3806,87.0,14.0
3807,87.0,15.0
3808,87.0,16.0
3809,87.0,17.0
3810,87.0,18.0
3811,87.0,19.0
3812,88.0,2.0
3813,88.0,3.0
3814,88.0,4.0
3815,88.0,5.0
3816,88.0,6.0
3817,88.0,7.0
3818,88.0,8.0
3819,88.0,9.0
3820,88.0,10.0
3821,88.0,11.0
3822,88.0,12.0
3823,88.0,13.0
3824,88.0,14.0
3825,88.0,15.0
3826,89.0,2.0
3827,89.0,3.0
3828,89.0,4.0
3829,89.0,5.0
3830,89.0,6.0
3831,89.0,7.0
3832,89.0,8.0
3833,89.0,9.0
3834,89.0,10.0
3835,89.0,11.0
3836,89.0,12.0
3837,89.0,13.0
3838,89.0,14.0
3839,89.0,15.0
3840,90.0,4.0
3841,90.0,5.0
3842,90.0,6.0
3843,90.0,7.0
3844,90.0,8.0
3845,90.0,9.0
3846,90.0,10.0
3847,90.0,11.0
3848,91.0,5.0
3849,91.0,6.0
3850,91.0,7.0
3851,91.0,8.0
3852,91.0,9.0
3853,91.0,10.0
3854,91.0,11.0
3855,92.0,6.0
3856,92.0,7.0
3857,93.0,7.0
